year,ssb_ratio,ssb_t,low_ssb_ratio,high_ssb_ratio,recruitment_thousands,F_ratio,catches_t
1904,2.88794918593704,2986139.4582588994,2.2619930132194,4.31396872496882,28604266.9299236,0.0222109112774681,20104.0
1905,2.89664775938424,2995133.7832033043,2.26312721657034,4.32940396889132,28598611.0881569,0.0368645963662982,33402.0
1906,2.88982706104936,2988081.1811250383,2.25930408050748,4.313302006552,28571694.7437194,0.0409433078922252,37064.0
1907,2.87407179438263,2971790.2353916396,2.25248374580226,4.2871266416469,28562535.6461985,0.0600252095767794,53899.0
1908,2.85888019428644,2956082.1208921787,2.2320787082803,4.25698183538191,28592224.9011793,0.0677801554834969,60539.0
1909,2.83268360560284,2928994.8481933367,2.21693502839199,4.23344493796321,28573665.9426887,0.0579097899612254,50956.0
1910,2.81277507030671,2908409.422697138,2.20036049803114,4.23025893486973,28503533.2699909,0.0529956040688324,46499.0
1911,2.81124013269618,2906822.29720785,2.19397110925024,4.21569848405896,28537854.845195,0.0455461798288474,39896.0
1912,2.81241719724025,2908039.3819464184,2.19278948686941,4.2002965050675,28515899.1694372,0.0406167810751988,35571.0
1913,2.80709484709555,2902536.0718967984,2.18922805535238,4.20158176648121,28503700.2267773,0.0472149714254533,41262.0
1914,2.8051705198656,2900546.3175410302,2.18791052260383,4.19777279104162,28519751.1292765,0.0387082840172618,33908.0
1915,2.80468218662838,2900041.3809737447,2.19235921470891,4.21364800234291,28545755.5415924,0.039477143889527,34578.0
1916,2.80678071741342,2902211.261805476,2.19160770460801,4.19987876601644,28584431.2470801,0.0472671674415699,41322.0
1917,2.80301884354344,2898321.484223917,2.18880593266895,4.18794782303689,28558762.6187169,0.0557017603635057,48588.0
1918,2.79788590392085,2893014.024654159,2.18156965241294,4.2022848863195,28524308.3779746,0.0543061232270419,47308.0
1919,2.78853795070091,2883348.241024741,2.18116325581335,4.19911450118485,28547012.1758392,0.0502636899426843,43540.0
1920,2.78686150013652,2881614.791141161,2.17411692143459,4.19575778959075,28456264.0460363,0.0476390347168661,41328.0
1921,2.78184019026742,2876422.7567365123,2.17259313925945,4.17284139494326,28507104.7988124,0.0466910928973384,40591.0
1922,2.78553469497657,2880242.874605773,2.17312008926929,4.19541171024438,28542839.4445559,0.0457632300800202,39800.0
1923,2.79050477595328,2885381.9383356916,2.17347233535329,4.18893671564111,28498102.6378289,0.0480500067657103,41661.0
1924,2.78964641863002,2884494.3968634405,2.16513080830325,4.19124566956944,28489788.6837771,0.0484759527847721,42003.0
1925,2.7853677114486,2880070.2136378526,2.17225983868941,4.1888870726717,28528949.3669439,0.0451927414173397,39424.0
1926,2.7892911068234,2884127.0044553955,2.17574127296925,4.1942870716452,28562907.9532497,0.0464310799192123,40365.0
1927,2.78937080157287,2884209.408826348,2.17325651788432,4.18318229861656,28512416.5179626,0.0483457354986599,41909.0
1928,2.78793315752316,2882722.8848789474,2.1689334804541,4.16573787680105,28476280.1983981,0.0507041072361583,43907.0
1929,2.78015827156668,2874683.652799947,2.16791134051358,4.20586617020635,28511100.3604785,0.0550630707269953,47677.0
1930,2.77263672485353,2866906.37349855,2.17014754560058,4.17103420756225,28556080.6704272,0.0545081843418185,47093.0
1931,2.76869456725864,2862830.1825454338,2.15631029286228,4.17758496713742,28492580.7749698,0.0488201518069866,42068.0
1932,2.77059712664229,2864797.4289481277,2.16214408025935,4.18613701492679,28499212.8997404,0.0549750477928972,47373.0
1933,2.77123145325861,2865453.3226694027,2.15853256361339,4.16560546965057,28509529.8330327,0.0593616136097967,51086.0
1934,2.75999138232588,2853831.08932496,2.15577435018767,4.16611455055777,28441703.0273769,0.0654073302009474,56079.0
1935,2.75831134272149,2852093.9283740204,2.1439318509827,4.1713825751514,28434775.0205951,0.0706878822497303,60507.0
1936,2.74168050459336,2834897.6417495343,2.13989071619636,4.1355781847042,28510488.0710269,0.0798533282067751,67497.0
1937,2.72758554050991,2820323.448887247,2.12043961153263,4.11781399433506,28411603.3271832,0.0766159728707997,64562.0
1938,2.71081981850529,2802987.69233447,2.11072011130531,4.09502510085384,28408607.0168958,0.0770114813940777,64712.0
1939,2.7004428200418,2792257.875923221,2.10626391527384,4.08725795590091,28444923.090292,0.0580943084899458,48609.0
1940,2.70827213102118,2800353.3834759,2.11181611879245,4.0886605373281,28432506.2471796,0.0509147217962599,42721.0
1941,2.71826949623576,2810690.659107776,2.11473833867664,4.11032346023296,28433477.7612661,0.0688073123834047,57754.0
1942,2.7104008503539,2802554.479265933,2.10808755700654,4.10184856920322,28434724.3660264,0.0812823040178556,68085.0
1943,2.69110561897822,2782603.2100234795,2.10049496047514,4.10550999024144,28422094.6389157,0.0911222453997669,75808.0
1944,2.68192877551098,2773114.3538783533,2.08538527034548,4.0577941278583,28427736.2380583,0.0731428792000523,60906.0
1945,2.67263502017542,2763504.6108613843,2.07570154269578,4.06482216075274,28403702.4802632,0.0761577668475781,62807.0
1946,2.67420191734504,2765124.782534771,2.0785313302739,4.05677008483441,28446827.6844883,0.0563708428645106,46604.0
1947,2.68036202957287,2771494.3385783476,2.08485292581092,4.08830253259087,28455685.2395309,0.0466613370233633,38913.0
1948,2.69633694512877,2788012.401263148,2.09643616896463,4.09939048717418,28438288.0531927,0.0499224402828217,41791.0
1949,2.70653505943824,2798557.25145914,2.10503227950152,4.11033015793654,28402828.8457045,0.0746313377982143,62362.0
1950,2.69262926007997,2784178.6549226893,2.10018327897608,4.09679589419896,28427616.3189965,0.079738687874705,66595.0
1951,2.69060419941373,2782084.7421937967,2.09365419380617,4.06147546426635,28474830.4530265,0.0679494914844326,56712.0
1952,2.69353236633987,2785112.4667954254,2.0922419374899,4.09021999513729,28410513.0155669,0.0635838224940018,52949.0
1953,2.68560694600193,2776917.5821659956,2.09615026686954,4.07974454438434,28418759.2286737,0.104615858067288,86728.0
1954,2.66467485709784,2755273.8022391666,2.07528422683846,4.05054951157386,28338661.5274644,0.102371191016068,83947.0
1955,2.64964791257761,2739735.9416052485,2.05350127971143,4.0259672770479,28347133.9838471,0.231115886950786,184885.0
1956,2.55352484692097,2640344.691716283,1.97560453394458,3.90991400751054,28312777.6420751,0.234452426711153,180244.0
1957,2.46106284657959,2544738.983363296,1.90491749710278,3.80193024778089,28231656.8919688,0.204447314015868,152126.0
1958,2.41635947575665,2498515.697932376,1.8527625460069,3.73808042943661,28108922.9943704,0.228565793320225,165452.0
1959,2.35845056204532,2438637.881154861,1.81801890695279,3.70134220684308,28055815.6792569,0.239150466201726,168709.0
1960,2.30678112808419,2385211.686439052,1.76754967299529,3.62636087658963,28019785.0567446,0.225088198790371,154894.0
1961,2.2748768415934,2352222.6542075756,1.75045141737735,3.60483773980808,27968141.2078098,0.240791853289586,162346.0
1962,2.23736960213012,2313440.1686025443,1.71681961176406,3.55982589103498,27914513.1309308,0.244672494117826,162767.0
1963,2.20586428992301,2280863.6757803923,1.68989133325423,3.52831362691662,27867434.1810569,0.317613730848742,205899.0
1964,2.14052169039346,2213299.4278668375,1.63670846997597,3.44760599271724,27818123.9681542,0.28825436113815,181712.0
1965,2.10993068403658,2181668.327293824,1.60230013522409,3.4080065880201,27712462.9661762,0.314518330183621,194208.0
1966,2.06230594936573,2132424.351644165,1.5659899970369,3.38052774375248,18625725.357948,0.3600611548897,216123.0
1967,1.99370976284478,2061495.8947815024,1.51045387617267,3.27141785425228,22325971.2201268,0.477014657089929,269141.0
1968,1.84541463689544,1908158.734549885,1.40205641225726,3.06094232399194,18286801.0530937,0.625991953095597,323765.0
1969,1.63918593152956,1694918.253201565,1.25468064478985,2.77749097278643,18154277.4218282,0.579530958825118,269536.0
1970,1.49466106887659,1545479.5452183941,1.14589229272636,2.54193500251454,35184510.3861748,0.687612720587033,288626.0
1971,1.34319978130381,1388868.5738681394,1.02938411663364,2.2951713567406,22477928.2670398,0.812018252557329,305211.0
1972,1.27783341948774,1321279.7557503232,0.974350700154945,2.22887357370456,31375767.3871268,0.771754459898868,268832.0
1973,1.24868043661772,1291135.5714627225,0.943760801960015,2.16539961203557,31288810.263807,1.17975169457986,376787.0
1974,1.15482723604381,1194091.3620692997,0.864596594917715,2.00128298313986,26423215.3244753,1.29510371332042,368652.0
1975,1.14690847101559,1185903.35903012,0.848580232275216,1.99048005699699,44219717.2442894,1.30269378588479,354851.0
1976,1.04513168444329,1080666.161714362,0.768266968796339,1.83247616224001,27907780.31556,1.2017587598448,305420.0
1977,1.18655625664218,1226899.169368014,0.854441584318947,2.05661697778289,40149579.8275225,1.06398643648269,301952.0
1978,1.27380603491863,1317115.4401058634,0.907510117110746,2.1759638046209,34263135.0865733,0.943400550949024,278966.0
1979,1.29321877075888,1337188.208964682,0.91534966710832,2.19583323431799,64016247.5158815,0.96245356514143,278182.0
1980,1.17738370916373,1217414.7552752967,0.837106700992523,1.99055385406648,88476138.3471774,0.984725556847183,270282.0
1981,1.10974878018025,1147480.2387063785,0.794060686825263,1.88265265919219,64533241.0183482,1.07647678068714,293615.0
1982,1.16434613857349,1203933.9072849886,0.84050677227415,1.99990546781231,43460851.8300424,1.0077917930657,273134.0
1983,1.17885357926073,1218934.6009555948,0.863766006102475,2.02599952061161,54945097.6054383,1.21549709825724,307601.0
1984,1.02457836479279,1059414.0291957448,0.761591682720243,1.77885899290926,39468750.6170817,1.22616379428967,277926.0
1985,0.990677089475522,1024360.1105176897,0.743601953006009,1.72546034912574,15185332.9856609,1.29313609701251,275760.0
1986,0.863632358693953,892995.8588895474,0.654563367039614,1.50853878336945,37055976.1292539,1.25326188610058,240516.0
1987,0.841569872473676,870183.2481377809,0.641150528610965,1.47216328618994,11099406.8583516,1.37592946493124,255498.0
1988,0.888683730776003,918898.9776223871,0.673796423140182,1.55934073691465,18574883.3950648,1.44553947954477,262558.0
1989,0.802844091294665,830140.7903986836,0.61531578581096,1.42048618876683,19954671.4123498,1.68541036419119,276066.0
1990,0.648562439236337,670613.5621703725,0.489236722295496,1.17300326780731,12166854.6697343,1.6653120004636,227617.0
1991,0.643874738021209,665766.4791139301,0.48896854483046,1.17598166857061,18289198.7429809,1.50640759569652,197610.0
1992,0.590279506669842,610349.0098966166,0.446538315107128,1.06871423137114,16260620.147428,1.42137855659643,190258.0
1993,0.614729690515655,635630.4999931873,0.458311487939122,1.08564859358493,12554009.5224201,1.6130992087743,212101.0
1994,0.635847852476199,657466.6794603898,0.47512280725472,1.13703292157425,17748613.0616606,1.61637395378763,218116.0
1995,0.528679679454626,546654.7885560833,0.398096655886032,0.937543617105729,15421515.4532344,1.66502999613912,187409.0
1996,0.451401096604163,466748.73388870456,0.341914645566185,0.803939905330008,7926349.64700982,1.60042456387794,161148.0
1997,0.428152110740587,442709.28250576695,0.324278126987378,0.766669739480077,14228926.4372312,1.70536297320619,159056.0
1998,0.418208346463074,432427.4302428185,0.314195202368576,0.751188114255486,6388313.96850007,2.09909139164202,184140.0
1999,0.357802664918545,369967.95552577556,0.263453779159409,0.660676817829384,20475593.9097811,1.8641981793347,145717.0
2000,0.385766704340454,398882.77228802943,0.273746862299832,0.730335389071673,11226759.1095621,2.17739562166246,174301.0
2001,0.355312788024532,367393.4228173661,0.246312119539762,0.70395122614473,12599454.6941313,1.89263675760681,137080.0
2002,0.350794923055532,362721.9504394201,0.241955110637963,0.714202025248994,27869671.8524452,1.69660342210092,128344.0
2003,0.374245639909631,386969.99166655843,0.256373200135855,0.781134066482527,13518237.611978,1.32322120637481,112118.0
2004,0.384864626549806,397950.02385249943,0.261794082927472,0.799979193269325,8801828.57877807,1.03576572601052,95151.0
2005,0.432134193774565,446826.75636290025,0.293618861548013,0.877918565145957,17777587.5944675,0.93394003643739,91094.0
2006,0.46558628641826,481416.22015648085,0.319505824348582,0.932716644240412,13788773.926488,1.06910108258163,113536.0
2007,0.482519551023402,498925.21575819765,0.329679651158419,0.949346820597915,30396757.7877981,0.991490765791826,115790.0
2008,0.474113137070954,490232.9837313664,0.32625790291892,0.932025578118217,18967580.7798712,1.08415334873117,126363.0
2009,0.560254404821621,579303.0545855562,0.383056072679185,1.10181249817345,15542149.8360321,1.1858402398853,135659.0
2010,0.518082972023634,535697.7930724375,0.357068726819678,1.01365196770402,8567557.50359788,1.20377761483123,137189.0
2011,0.479383180032157,495682.20815325034,0.333149888883847,0.945294145300426,22906474.408906,1.1063554889598,118563.0
2012,0.477418752519355,493650.9901050131,0.336438432624461,0.943160899441608,20988773.6935819,0.81074991272221,101526.0
2013,0.546109604868185,564677.3314337033,0.385458913484922,1.07046621630473,13879268.3934656,0.76727088036059,100484.0
2014,0.604282774615596,624828.3889525263,0.430451204045686,1.15465586097497,50982827.664756,1.00452665431391,134482.0
2015,0.551247637682277,569990.0573634744,0.396591469484894,1.03651822992589,12101985.5873534,1.35159895593981,174945.0
2016,0.57966504833198,599373.6599752672,0.419331689685003,1.082055611423,14026096.5081813,1.59260040356194,190641.0
2017,0.620447098489372,641542.2998380106,0.449897865952721,1.16354489392036,14188278.2166229,1.52878991709331,199428.0
2018,0.602433564526828,622916.3057207401,0.438357319708231,1.12271059507889,7751012.1487748,1.99613457093925,240738.0
2019,0.512267272402169,529684.3596638427,0.371848947175914,0.975345315133458,17735135.1525866,1.85156010991358,200956.0
2020,0.410816645576466,424784.41152606584,0.294121376529259,0.795415757794173,7263307.00599222,1.90550226543918,174521.0
2021,0.365000486912038,377410.5034670473,0.252139011041661,0.728263398408207,6653759.52815823,1.68902452005344,128961.0
2022,0.399002050608232,412568.12032891193,0.268545589325512,0.803062796756472,18711031.740686,0.906217614164898,83411.0
2023,0.390364445523997,403636.8366718129,0.257745141409187,0.76102921789276,18544632.3312825,,
